{
    "fr3_link0": {
        "spheres": [
            {
                "center": [
                    -0.043087236760056775,
                    -0.0004465690508337411,
                    0.06036596470880627
                ],
                "radius": 0.12853692258143
            }
        ]
    },
    "fr3_link1": {
        "spheres": [
            {
                "center": [
                    -0.0017377988921036046,
                    -0.028448274137844447,
                    -0.07409231765614019
                ],
                "radius": 0.14391772410602366
            }
        ]
    },
    "fr3_link2": {
        "spheres": [
            {
                "center": [
                    -0.0033536669747242136,
                    -0.07487522582136158,
                    0.02872448575346239
                ],
                "radius": 0.14374397153451832
            }
        ]
    },
    "fr3_link3": {
        "spheres": [
            {
                "center": [
                    0.04048496425345292,
                    0.026312381205437954,
                    -0.045470131788929204
                ],
                "radius": 0.128238635873133
            }
        ]
    },
    "fr3_link4": {
        "spheres": [
            {
                "center": [
                    -0.04243352910384917,
                    0.045026901091967345,
                    0.02584550857171167
                ],
                "radius": 0.12838010399821817
            }
        ]
    },
    "fr3_link5": {
        "spheres": [
            {
                "center": [
                    -0.0028704920585739123,
                    0.024760660162838885,
                    -0.10445430499394322
                ],
                "radius": 0.1736601269802775
            }
        ]
    },
    "fr3_link6": {
        "spheres": [
            {
                "center": [
                    0.047915353398252605,
                    0.0008912858922573031,
                    0.0027389799641959487
                ],
                "radius": 0.09876763515073131
            }
        ]
    },
    "fr3_link7": {
        "spheres": [
            {
                "center": [
                    0.013100742006077939,
                    0.013267955828191215,
                    0.08497268406587298
                ],
                "radius": 0.0729528008573744
            }
        ]
    },
    "hand_hand": {
        "spheres": [
            {
                "center": [
                    0.006517165898186012,
                    -0.0012752223502556456,
                    0.022959398334337328
                ],
                "radius": 0.10831275472069325
            }
        ]
    },
    "hand_leftfinger": {
        "spheres": [
            {
                "center": [
                    0.000651945812526384,
                    0.012945793890430435,
                    0.061221233301696446
                ],
                "radius": 0.06440284699094465
            }
        ]
    },
    "hand_rightfinger": {
        "spheres": [
            {
                "center": [
                    0.0006512749134545519,
                    0.012292293262115275,
                    0.061077225108702074
                ],
                "radius": 0.0643574606746179
            }
        ]
    }
}