{
    "fr3_link0": {
        "capsules": [
            {
                "p0": [
                    -0.12255599259767712,
                    -0.0012773897811060037,
                    -0.0023472982081982237
                ],
                "p1": [
                    -0.0972619630557212,
                    -0.0011200923489361816,
                    0.0032935180222407375
                ],
                "radius": 0.09547714941438692
            },
            {
                "p0": [
                    -0.028068405599745008,
                    -0.00032733041023164994,
                    0.03618812292045641
                ],
                "p1": [
                    0.011834917512771756,
                    0.0007156493782539432,
                    0.0833824437588549
                ],
                "radius": 0.10863576680576842
            }
        ]
    },
    "fr3_link1": {
        "capsules": [
            {
                "p0": [
                    -0.00012107919482683729,
                    -0.06492304921136607,
                    0.004027000163465369
                ],
                "p1": [
                    -2.1496909452032995e-05,
                    -0.036940195912616616,
                    -0.03782388097215118
                ],
                "radius": 0.08259501812480435
            },
            {
                "p0": [
                    6.533573972253894e-05,
                    -0.00852660955665301,
                    -0.12089118484431371
                ],
                "p1": [
                    0.0001002036918260174,
                    0.0034891302327309352,
                    -0.1612815499665845
                ],
                "radius": 0.07038772699500069
            }
        ]
    },
    "fr3_link2": {
        "capsules": [
            {
                "p0": [
                    -0.00014599277952266165,
                    0.0029334756325556724,
                    0.06464093939883299
                ],
                "p1": [
                    -2.7898057950443594e-05,
                    -0.03923433250195041,
                    0.036896244951727344
                ],
                "radius": 0.08248636770004625
            },
            {
                "p0": [
                    8.112869437858471e-05,
                    -0.12232865722473699,
                    0.008703060124665544
                ],
                "p1": [
                    0.0001259330022154787,
                    -0.16254247553728363,
                    -0.0032371013163910826
                ],
                "radius": 0.07028117061965282
            }
        ]
    },
    "fr3_link3": {
        "capsules": [
            {
                "p0": [
                    0.015642028150092933,
                    0.010847755368146875,
                    -0.0769215770059844
                ],
                "p1": [
                    0.08115484159624345,
                    0.06027305149895024,
                    -0.006874877007471553
                ],
                "radius": 0.08741040283995723
            }
        ]
    },
    "fr3_link4": {
        "capsules": [
            {
                "p0": [
                    -0.06685533247920072,
                    0.07890016500911577,
                    0.010859835728057245
                ],
                "p1": [
                    -0.0013849635848689895,
                    0.009064159134904326,
                    0.06067996899046178
                ],
                "radius": 0.08786535954243023
            }
        ]
    },
    "fr3_link5": {
        "capsules": [
            {
                "p0": [
                    -0.0002106457325338528,
                    0.012792518142645157,
                    -0.23988320401271115
                ],
                "p1": [
                    -0.000119847172566768,
                    0.030416267390489624,
                    -0.21378246481761462
                ],
                "radius": 0.07048308206115994
            },
            {
                "p0": [
                    0.00012073943215937728,
                    0.06776156205570735,
                    -0.16589633888989444
                ],
                "p1": [
                    0.00011739773882779963,
                    0.06828272560362803,
                    -0.16419609697622206
                ],
                "radius": 0.05645394562514149
            },
            {
                "p0": [
                    8.888346902418612e-05,
                    0.08893921896860567,
                    -0.06726602441437772
                ],
                "p1": [
                    0.0003251729931017674,
                    0.08913756065269703,
                    0.0009008044221304051
                ],
                "radius": 0.08778091458049166
            },
            {
                "p0": [
                    7.302259839932111e-05,
                    0.07520338029286781,
                    -0.14161818027493828
                ],
                "p1": [
                    5.8595282975435785e-05,
                    0.07745343442627137,
                    -0.13427761249941522
                ],
                "radius": 0.04772133723858658
            }
        ]
    },
    "fr3_link6": {
        "capsules": [
            {
                "p0": [
                    -0.034118108687806,
                    -0.013709471454533995,
                    0.01710177128185581
                ],
                "p1": [
                    -0.02754996840473958,
                    -0.012267006838028276,
                    0.016279840239666776
                ],
                "radius": 0.06777940970344379
            },
            {
                "p0": [
                    0.03469097595804083,
                    0.0022929958418367127,
                    0.00803791867548585
                ],
                "p1": [
                    0.07936051870291778,
                    0.020628702660127958,
                    -0.001888272062917317
                ],
                "radius": 0.0891697618897219
            }
        ]
    },
    "fr3_link7": {
        "capsules": [
            {
                "p0": [
                    -0.0031133302288279333,
                    -0.0029767324080890445,
                    0.07912524738016903
                ],
                "p1": [
                    0.027007208514692977,
                    0.027056654721615007,
                    0.08314243526296267
                ],
                "radius": 0.051854881804591205
            },
            {
                "p0": [
                    0.057403396129820275,
                    0.0574389991533262,
                    0.08705379170230673
                ],
                "p1": [
                    0.05801808724273107,
                    0.05805416568261558,
                    0.08713143618104585
                ],
                "radius": 0.04093246532000928
            }
        ]
    },
    "hand_hand": {
        "capsules": [
            {
                "p0": [
                    1.9710880399109158e-05,
                    0.06563263869373286,
                    0.02834566118634391
                ],
                "p1": [
                    -1.0758731814070193e-05,
                    -0.07621044990041426,
                    0.021650852800728888
                ],
                "radius": 0.04899938501863116
            }
        ]
    },
    "hand_leftfinger": {
        "capsules": [
            {
                "p0": [
                    2.4694323124999683e-07,
                    0.003949803550190857,
                    0.11448863831825024
                ],
                "p1": [
                    3.519879024173823e-08,
                    0.011578817491004714,
                    0.07772139126422775
                ],