{
    "fr3_link0": {
        "capsules": [
            {
                "p0": [
                    -0.07245868864789361,
                    -0.00018132782123141383,
                    0.03737676999856811
                ],
                "p1": [
                    -0.009060602488387776,
                    0.0008971056976912399,
                    0.07929358245091349
                ],
                "radius": 0.1195621132571848
            }
        ]
    },
    "fr3_link1": {
        "capsules": [
            {
                "p0": [
                    -9.471468446050421e-05,
                    -0.06661801826738561,
                    -0.0009493821954888043
                ],
                "p1": [
                    8.20167236085493e-05,
                    -0.00882767399732047,
                    -0.13836542643611938
                ],
                "radius": 0.08650224747997012
            }
        ]
    },
    "fr3_link2": {
        "capsules": [
            {
                "p0": [
                    -0.00016565426206042335,
                    -0.0017564210688818804,
                    0.06609391175174534
                ],
                "p1": [
                    7.863583088670175e-05,
                    -0.13929472178536423,
                    0.00890499268835622
                ],
                "radius": 0.08598588321786813
            }
        ]
    },
    "fr3_link3": {
        "capsules": [
            {
                "p0": [
                    0.013367488499217595,
                    0.005549861519284202,
                    -0.07811836812417525
                ],
                "p1": [
                    0.08048711586667871,
                    0.05148273851398778,
                    -0.007547156130049526
                ],
                "radius": 0.08228619720418817
            }
        ]
    },
    "fr3_link4": {
        "capsules": [
            {
                "p0": [
                    -0.06923100796340828,
                    0.07994977804574378,
                    0.0054829284656500304
                ],
                "p1": [
                    0.0007256289613742639,
                    0.006766494974921933,
                    0.05382273843291639
                ],
                "radius": 0.08160540011119036
            }
        ]
    },
    "fr3_link5": {
        "capsules": [
            {
                "p0": [
                    -0.00026594154057544704,
                    0.010866906781197214,
                    -0.23959918760397403
                ],
                "p1": [
                    -8.40001279629512e-05,
                    0.0335997830832645,
                    -0.20689122101386698
                ],
                "radius": 0.06877030722640595
            },
            {
                "p0": [
                    0.0001550337107864436,
                    0.06266547755932973,
                    -0.1657342824337923
                ],
                "p1": [
                    0.00010763915104617733,
                    0.07060125571461191,
                    -0.14284722464256838
                ],
                "radius": 0.052032099949109234
            },
            {
                "p0": [
                    2.78842548309101e-05,
                    0.09092860680577493,
                    -0.07141168288070766
                ],
                "p1": [
                    0.0003172009948542472,
                    0.08748808613150061,
                    0.0013431859301000076
                ],
                "radius": 0.08640310563550484
            }
        ]
    },
    "fr3_link6": {
        "capsules": [
            {
                "p0": [
                    0.008551433315919578,
                    0.0018252601290172142,
                    0.013537359510367353
                ],
                "p1": [
                    0.07085465270689742,
                    0.02243090344781901,
                    0.0068258315057934706
                ],
                "radius": 0.09028787524879588
            },
            {
                "p0": [
                    0.08309827512592315,
                    0.024027264719461885,
                    -0.0023111008014705704
                ],
                "p1": [
                    0.08317157537534972,
                    0.02404864173024683,
                    -0.002328130323377142
                ],
                "radius": 0.08999261690345543
            }
        ]
    },
    "fr3_link7": {
        "capsules": [
            {
                "p0": [
                    -0.00828161708232105,
                    -0.008336977280922964,
                    0.07752598916334393
                ],
                "p1": [
                    0.01967479827305884,
                    0.0196985483897223,
                    0.08053591800334055
                ],
                "radius": 0.051232405051285894
            },
            {
                "p0": [
                    0.04795315559839017,
                    0.04800973705280068,
                    0.08474692161725739
                ],
                "p1": [
                    0.05460337153338378,
                    0.054665304192888745,
                    0.08579579614992038
                ],
                "radius": 0.04182303061974818
            }
        ]
    },
    "hand_hand": {
        "capsules": [
            {
                "p0": [
                    1.6762128004503383e-05,
                    0.06921885968051639,
                    0.0269825005551035
                ],
                "p1": [
                    -1.112143021281276e-05,
                    -0.07969178910784037,
                    0.020761876301649843
                ],
                "radius": 0.048429631528295033
            }
        ]
    },
    "hand_leftfinger": {
        "capsules": [
            {
                "p0": [
                    -6.326751167709055e-07,
                    0.013834357981025482,
                    0.05713408520344109
                ],
                "p1": [
                    -9.276795793656067e-07,
                    0.014633811714312335,
                    0.0497139235385672
                ],
                "radius": 0.025739930257390315
            },
            {
                "p0": [
                    1.941413407029905e-06,
                    0.005234259802435532,
                    0.11243106387311398
                ],
                "p1": [
                    -5.314262556817524e-07,
                    0.01420426963472739,
                    0.06342832029780861
                ],
                "radius": 0.018054151519707372
            },
            {
                "p0": [
                    -1.5313964510875555e-06,
                    0.01626986732750984,
                    0.03452880820645338
                ],
                "p1": [
                    -2.0993568930380593e-06,
                    0.017809024029354047,
                    0.020243063979200948
                ],
                "radius": 0.0262803301344536
            }
        ]
    },
    "hand_rightfinger": {
        "capsules": [
            {
                "p0": [
                    -6.326751167709055e-07,
                    0.013834357981025482,
                    0.05713408520344109
                ],
                "p1": [
                    -9.276795793656067e-07,
                    0.014633811714312335,
                    0.0497139235385672
                ],
                "radius": 0.025739930257390315
            },
            {
                "p0": [
                    1.941413407029905e-06,
                    0.005234259802435532,
                    0.11243106387311398
                ],
                "p1": [
                    -5.314262556817524e-07,
                    0.01420426963472739,
                    0.06342832029780861
                ],