{
    "fr3_link0": {
        "capsules": [
            {
                "p0": [
                    -0.0640958708923974,
                    -0.0006609284934334402,
                    0.02014530787392191
                ],
                "p1": [
                    0.0022636921445779723,
                    0.000868309304725509,
                    0.056804438890968936
                ],
                "radius": 0.11318612888936216
            }
        ]
    },
    "fr3_link1": {
        "capsules": [
            {
                "p0": [
                    -0.00010909791867769571,
                    -0.05688047418801687,
                    -0.0019742148541920315
                ],
                "p1": [
                    0.00014865339716508739,
                    0.001213599219643341,
                    -0.1343478147756003
                ],
                "radius": 0.08052697409084002
            }
        ]
    },
    "fr3_link2": {
        "capsules": [
            {
                "p0": [
                    -0.00014554792694446847,
                    -0.0029064770202284276,
                    0.05664636173751504
                ],
                "p1": [
                    0.00017802716015010616,
                    -0.13537191761259806,
                    -0.0010707985584468421
                ],
                "radius": 0.08041215044787456
            }
        ]
    },
    "fr3_link3": {
        "capsules": [
            {
                "p0": [
                    0.0030100394613846657,
                    -0.0036167689506778067,
                    -0.07598810063586534
                ],
                "p1": [
                    0.08268773121501197,
                    0.04833656269038782,
                    -0.0009334047050864464
                ],
                "radius": 0.07500132638553263
            }
        ]
    },
    "fr3_link4": {
        "capsules": [
            {
                "p0": [
                    -0.07952230663381013,
                    0.07772429934470243,
                    -0.0037955130544331424
                ],
                "p1": [
                    0.0002322252016952464,
                    0.0029891468280480726,
                    0.04854698499906635
                ],
                "radius": 0.07521883376042425
            }
        ]
    },
    "fr3_link5": {
        "capsules": [
            {
                "p0": [
                    -0.0003524398081297185,
                    0.008693080920015469,
                    -0.22115526677796288
                ],
                "p1": [
                    0.0003627211638708159,
                    0.07332438003586725,
                    0.004239206965643616
                ],
                "radius": 0.07430632787444524
            }
        ]
    },
    "fr3_link6": {
        "capsules": [
            {
                "p0": [
                    0.016297381726222256,
                    -0.00132448842797998,
                    0.010903654376166954
                ],
                "p1": [
                    0.08555865058108636,
                    0.01538057333319269,
                    -0.0022431249191753704
                ],
                "radius": 0.08167920711223994
            }
        ]
    },
    "fr3_link7": {
        "capsules": [
            {
                "p0": [
                    -0.0025659780210859143,
                    -0.00259725834553258,
                    0.07793558455558693
                ],
                "p1": [
                    0.032650308034673406,
                    0.03269911788024017,
                    0.08147691447836188
                ],
                "radius": 0.05137899384102215
            }
        ]
    },
    "hand_hand": {
        "capsules": [
            {
                "p0": [
                    2.2936153252941803e-05,
                    0.06577665793944026,
                    0.026926727676980747
                ],
                "p1": [
                    -2.6266677788021708e-05,
                    -0.08344121743525021,
                    0.01928507973302416
                ],
                "radius": 0.04904097388090281
            }
        ]
    },
    "hand_leftfinger": {
        "capsules": [
            {
                "p0": [
                    3.5492881648720326e-06,
                    0.007457135629650561,
                    0.10509141292656451
                ],
                "p1": [
                    -3.7811764293368255e-06,
                    0.02330198344812015,
                    0.011378974490742474
                ],
                "radius": 0.023255402186996593
            }
        ]
    },
    "hand_rightfinger": {
        "capsules": [
            {
                "p0": [
                    3.5492881648720326e-06,
                    0.007457135629650561,
                    0.10509141292656451
                ],
                "p1": [
                    -3.7811764293368255e-06,
                    0.02330198344812015,
                    0.011378974490742474
                ],
                "radius": 0.023255402186996593
            }
        ]
    }
}