{
    "fr3_link0": {
        "capsules": [
            {
                "p0": [
                    -0.1520173956440332,
                    -9.086784576482602e-05,
                    -0.007724369626018388
                ],
                "p1": [
                    0.0704813125699125,
                    0.0002114804811063332,
                    0.0818771767060246
                ],
                "radius": 0.10710394093783814
            }
        ]
    },
    "fr3_link1": {
        "capsules": [
            {
                "p0": [
                    -0.0017347524589553529,
                    -0.07919875698454319,
                    0.058715820760632836
                ],
                "p1": [
                    -0.00011788474184579585,
                    0.016124600548036206,
                    -0.2092108641088613
                ],
                "radius": 0.08073761759140181
            }
        ]
    },
    "fr3_link2": {
        "capsules": [
            {
                "p0": [
                    0.0014396206106712228,
                    0.05868286992262857,
                    0.07852974519800322
                ],
                "p1": [
                    -0.00023353595681560038,
                    -0.2109110743987945,
                    -0.015700418243329017
                ],
                "radius": 0.08039126907768883
            }
        ]
    },
    "fr3_link3": {
        "capsules": [
            {
                "p0": [
                    -0.038930126440354595,
                    -0.023410611982484508,
                    -0.13425134339267425
                ],
                "p1": [
                    0.12573080188995303,
                    0.06786997434170228,
                    0.037163394526027134
                ],
                "radius": 0.07550152055319925
            }
        ]
    },
    "fr3_link4": {
        "capsules": [
            {
                "p0": [
                    -0.12071763087909722,
                    0.1373345823982796,
                    -0.022898955720055916
                ],
                "p1": [
                    0.042279028039253486,
                    -0.038532023886011874,
                    0.06784922106547477
                ],
                "radius": 0.07608544381721753
            }
        ]
    },
    "fr3_link5": {
        "capsules": [
            {
                "p0": [
                    -0.0008139428975380259,
                    -0.009193315093727603,
                    -0.27375487386518593
                ],
                "p1": [
                    0.0007373325246446869,
                    0.08190140746365861,
                    0.057304089917704595
                ],
                "radius": 0.07315137336137349
            }
        ]
    },
    "fr3_link6": {
        "capsules": [
            {
                "p0": [
                    -0.048220861288141834,
                    -0.008996528824229258,
                    0.013221803102838391
                ],
                "p1": [
                    0.1344171513560246,
                    0.015968028538149746,
                    -0.006756958453095771
                ],
                "radius": 0.07595776865093219
            }
        ]
    },
    "fr3_link7": {
        "capsules": [
            {
                "p0": [
                    -0.03756307644223904,
                    -0.03784457292423503,
                    0.07206758717716738
                ],
                "p1": [
                    0.06218142393378448,
                    0.0623902299300579,
                    0.08538898413199683
                ],
                "radius": 0.050662127917790255
            }
        ]
    },
    "hand_hand": {
        "capsules": [
            {
                "p0": [
                    -7.351458274919913e-05,
                    0.10149782560813177,
                    0.027637528509504416
                ],
                "p1": [
                    -0.00031160413048683227,
                    -0.10478007873322687,
                    0.020012452731706876
                ],
                "radius": 0.04811871368611844
            }
        ]
    },
    "hand_leftfinger": {
        "capsules": [
            {
                "p0": [
                    2.5700388729408414e-06,
                    0.002953975845866021,
                    0.12488814832361206
                ],
                "p1": [
                    1.7084584348800414e-07,
                    0.011656838950285357,
                    0.07734481481002065
                ],
                "radius": 0.01378882154829919
            },
            {
                "p0": [
                    1.7084584348800414e-07,
                    0.011656838950285357,
                    0.07734481481002065
                ],
                "p1": [
                    -3.010954270431143e-06,
                    0.020279427087672046,
                    -0.002686080393861947
                ],
                "radius": 0.02612288804743349
            }
        ]
    },
    "hand_rightfinger": {
        "capsules": [
            {
                "p0": [
                    2.5700388729408414e-06,
                    0.002953975845866021,
                    0.12488814832361206
                ],
                "p1": [
                    1.7084584348800414e-07,
                    0.011656838950285357,
                    0.07734481481002065
                ],
                "radius": 0.01378882154829919
            },
            {
                "p0": [
                    1.7084584348800414e-07,
                    0.011656838950285357,
                    0.07734481481002065
                ],
                "p1": [
                    -3.010954270431143e-06,
                    0.020279427087672046,
                    -0.002686080393861947
                ],
                "radius": 0.02612288804743349
            }
        ]
    }
}