{
    "fr3_link0": {
        "capsules": [
            {
                "p0": [
                    -0.07210234579298809,
                    3.842659867721055e-05,
                    0.026333295758571598
                ],
                "p1": [
                    -0.0034794725992420006,
                    0.00017757040063171037,
                    0.05313459255631258
                ],
                "radius": 0.10768265719250907
            }
        ]
    },
    "fr3_link1": {
        "capsules": [
            {
                "p0": [
                    0.00018510080882002625,
                    -0.06589409688586279,
                    0.0010064065927711649
                ],
                "p1": [
                    -0.0004826620739887877,
                    -0.014536540367246442,
                    -0.12258762178927436
                ],
                "radius": 0.08529936448726738
            },
            {
                "p0": [
                    -4.779425851977924e-05,
                    0.008010954609496891,
                    -0.19041333925285203
                ],
                "p1": [
                    1.422316509058167e-06,
                    0.009345086582788036,
                    -0.19486414302663693
                ],
                "radius": 0.07124413608624264
            }
        ]
    },
    "fr3_link2": {
        "capsules": [
            {
                "p0": [
                    0.0004152648981127387,
                    -0.0012989874630287765,
                    0.06564732346082039
                ],
                "p1": [
                    -0.00031807676819315257,
                    -0.14060119360593493,
                    0.013347532555996272
                ],
                "radius": 0.08681080557510557
            }
        ]
    },
    "fr3_link3": {
        "capsules": [
            {
                "p0": [
                    0.009344918830163453,
                    0.006427479751960525,
                    -0.08279616049810631
                ],
                "p1": [
                    0.0831878519144206,
                    0.05144530240220142,
                    -0.0061009058945367955
                ],
                "radius": 0.07975349927568054
            }
        ]
    },
    "fr3_link4": {
        "capsules": [
            {
                "p0": [
                    -0.07249878104232194,
                    0.08498177434511439,
                    0.006400742469114443
                ],
                "p1": [
                    0.00039948635383642295,
                    0.006463712138908451,
                    0.051285345400704854
                ],
                "radius": 0.07991577603352751
            }
        ]
    },
    "fr3_link5": {
        "capsules": [
            {
                "p0": [
                    -0.00026052995219469653,
                    0.005989257689016675,
                    -0.22019092209566207
                ],
                "p1": [
                    0.00032459706517859856,
                    0.06671687009525114,
                    -0.0010532300216778423
                ],
                "radius": 0.07257959430682155
            }
        ]
    },
    "fr3_link6": {
        "capsules": [
            {
                "p0": [
                    0.015333991576090368,
                    -0.0006647165286019566,
                    0.005396641061796215
                ],
                "p1": [
                    0.08540481956909043,
                    0.008217972917120375,
                    -0.002480337912931882
                ],
                "radius": 0.07647772911325652
            }
        ]
    },
    "fr3_link7": {
        "capsules": [
            {
                "p0": [
                    -0.003562035198970505,
                    -0.003885036757504616,
                    0.07684253690647375
                ],
                "p1": [
                    0.025911502664702938,
                    0.025869195345263742,
                    0.08032917016659695
                ],
                "radius": 0.05087344017376961
            },
            {
                "p0": [
                    0.0559850550891844,
                    0.056135790722751044,
                    0.08498393632103589
                ],
                "p1": [
                    0.057658432109340886,
                    0.05781675728685463,
                    0.08527997914871129
                ],
                "radius": 0.0429714629844417
            }
        ]
    },
    "hand_hand": {
        "capsules": [
            {
                "p0": [
                    -9.922277421495817e-05,
                    0.06547328747650147,
                    0.027744961033594175
                ],
                "p1": [
                    -0.00023887157093598185,
                    -0.07605766939587691,
                    0.021819208124193405
                ],
                "radius": 0.04900113926878621
            }
        ]
    },
    "hand_leftfinger": {
        "capsules": [
            {
                "p0": [
                    2.4694323124999683e-07,
                    0.003949803550190857,
                    0.11448863831825024
                ],
                "p1": [
                    3.519879024173823e-08,
                    0.011578817491004714,
                    0.07772139126422775
                ],
                "radius": 0.016129770690348724
            },
            {
                "p0": [
                    -1.0512889681654243e-07,
                    0.013256948601425903,
                    0.06512517513310002
                ],
                "p1": [
                    -3.5824527102857743e-07,
                    0.01444794950526842,
                    0.04880222117103249
                ],
                "radius": 0.02618604314106949
            },
            {
                "p0": [
                    -6.015148612040865e-07,
                    0.015592617852697105,
                    0.033114266043011105
                ],
                "p1": [
                    -7.8819451269929e-07,
                    0.016471010783031762,
                    0.021075679576619898
                ],
                "radius": 0.02707690839064773
            }
        ]
    },
    "hand_rightfinger": {
        "capsules": [
            {
                "p0": [
                    2.4694323124999683e-07,
                    0.003949803550190857,
                    0.11448863831825024
                ],
                "p1": [
                    3.519879024173823e-08,
                    0.011578817491004714,
                    0.07772139126422775
                ],
                "radius": 0.016129770690348724
            },
            {
                "p0": [
                    -1.0512889681654243e-07,
                    0.013256948601425903,
                    0.06512517513310002
                ],
                "p1": [
                    -3.5824527102857743e-07,
                    0.01444794950526842,
                    0.04880222117103249
                ],
                "radius": 0.02618604314106949
            },
            {
                "p0": [
                    -6.015148612040865e-07,
                    0.015592617852697105,
                    0.033114266043011105
                ],
                "p1": [
                    -7.8819451269929e-07,
                    0.016471010783031762,
                    0.021075679576619898
                ],
                "radius": 0.02707690839064773
            }
        ]
    }
}