{
    "fr3_link0": {
        "BiggestSphere": [
            -0.04249101768060521,
            -0.0005820340424761256,
            0.058628008041908444,
            0.1273910374530032
        ],
        "SubSpheres": {
            "r0": [
                -0.09470684521763612,
                -0.024175968220998906,
                0.034731895492019986,
                0.06603962092895004
            ],
            "r1": [
                -0.0009523236255310277,
                -0.0008946048295871542,
                0.06369450513062878,
                0.09500767732948752
            ],
            "r2": [
                -0.04148447467175324,
                0.021347179515035508,
                0.049608755591702164,
                0.08057764894538962
            ],
            "r3": [
                -0.13191517219257243,
                0.011320134103177499,
                0.01476287108640404,
                0.03249297715156715
            ],
            "r4": [
                -0.005776448155026023,
                0.05434548716979432,
                0.030361021925712453,
                0.05104165754815668
            ],
            "r5": [
                -0.04732777743263443,
                -0.03612579556708071,
                0.043806609885038136,
                0.0668993915583023
            ],
            "r6": [
                -0.1017196748797379,
                0.042317643772864205,
                0.024762026241682097,
                0.051764794144165835
            ],
            "r7": [
                -0.005693638478461334,
                -0.05832704769974889,
                0.028434079658081632,
                0.04785751831179177
            ]
        }
    },
    "fr3_link1": {
        "BiggestSphere": [
            0.005668203232956511,
            -0.030476655438086322,
            -0.07427476629930185,
            0.14425635927683347
        ],
        "SubSpheres": {
            "r0": [
                5.2331732723105054e-05,
                -0.07487044664195382,
                -0.0063432021698256735,
                0.06149515126782327
            ],
            "r1": [
                2.5129091202261437e-05,
                -0.030472486961741794,
                -0.03481181180309766,
                0.06864965224218643
            ],
            "r2": [
                -1.4516423859091225e-05,
                -0.05342377807444525,
                -0.05647726754842673,
                0.06078957950653281
            ],
            "r3": [
                -0.00014022336163297205,
                -0.00033640388015345607,
                -0.13734201373001492,
                0.07641159705814832
            ],
            "r4": [
                -6.1709355898997e-05,
                -0.035177838977473314,
                -0.09874139454056703,
                0.05857350829138355
            ],
            "r5": [
                -1.823559517974447e-05,
                -0.040285435177886075,
                -0.0027147185206029822,
                0.06884050633735343
            ],
            "r6": [
                5.365503984599239e-05,
                -0.01839506777750279,
                -0.07445899579707577,
                0.06385909617262389
            ]
        }
    },
    "fr3_link2": {
        "BiggestSphere": [
            -0.006110943984730135,
            -0.07318654956394326,
            0.0264385583314639,
            0.14442685712541228
        ],
        "SubSpheres": {
            "r0": [
                -5.218153823114488e-05,
                -0.10199599359584145,
                0.01045602346914377,
                0.06316831584270806
            ],
            "r1": [
                1.0706239899342622e-05,
                -0.010251386812721988,
                0.07226604287218653,
                0.06601048543554704
            ],
            "r2": [
                0.0005131494510237583,
                -0.15216106500597013,
                -0.012850753613903088,
                0.06050706697642727
            ],
            "r3": [
                -8.776998938637614e-05,
                -0.009621063960800848,
                0.038068455285510665,
                0.07356025414284138
            ],
            "r4": [
                -2.8193952779375476e-05,
                -0.06530255610368871,
                0.03276247561499835,
                0.07395977727837576
            ],
            "r5": [
                0.024008702607360245,
                -0.16379823891952827,
                -0.005335346666916846,
                0.043707547483632904
            ],
            "r6": [
                0.0002567577522594068,
                -0.13996187013206157,
                0.018276815174217854,
                0.07206755172477962
            ],
            "r7": [
                -0.026539102794856568,
                -0.16677353294475034,
                -0.007445901210503134,
                0.04211484835559175
            ]
        }
    },
    "fr3_link3": {
        "BiggestSphere": [
            0.04002253121669125,
            0.026555951112473747,
            -0.04450310024382287,
            0.12705407426234797
        ],
        "SubSpheres": {
            "r0": [
                0.052350584811815704,
                0.030099815167490992,
                -0.03000068357837954,
                0.07513305851834495
            ],
            "r1": [
                0.08214073371097053,
                0.041427628458799666,
                -0.0003844186133288574,
                0.07003403560568706
            ],
            "r2": [
                0.018282555929471055,
                0.010717794424098242,
                -0.06483371279295211,
                0.07156643770466263
            ],
            "r3": [
                -0.017752174615418823,
                -0.02177536940039655,
                -0.0954252834910529,
                0.03985090679483892
            ],
            "r4": [
                0.0261426371302856,
                -0.01994814532266657,
                -0.09518053930546928,
                0.03496110490858649
            ],
            "r5": [
                -0.028773939989364138,
                0.004998332148169551,
                -0.09641983043962699,
                0.040687381024809045
            ],
            "r6": [
                -0.0067164102499718825,
                0.028726686755723957,
                -0.09371040310099103,
                0.04154075384236173
            ],
            "r7": [
                0.007301133354871835,
                -0.03288074719947895,
                -0.10057376527010116,
                0.031998503204384424
            ]
        }
    },
    "fr3_link4": {
        "BiggestSphere": [
            -0.04616180151101066,
            0.04622619871751406,
            0.02959430113263798,
            0.12758599897445153
        ],
        "SubSpheres": {
            "r0": [
                -0.03273243346440334,
                0.03298800280084898,
                0.02920618382679562,
                0.07621766055996898
            ],
            "r1": [
                -0.000701697976378507,
                0.0006995654949392624,
                0.04109826074733951,
                0.07046941310146607
            ],
            "r2": [
                -0.06449225336863935,
                0.06773831545440528,
                0.010537171634634579,
                0.0722077186875156
            ],
            "r3": [
                -0.08880874994936888,
                0.10130105334415929,
                -0.030776029501556234,
                0.0361799112392119
            ],
            "r4": [
                -0.10599576412468438,
                0.09456904528337748,
                -0.005865559741212657,
                0.04622375983872659
            ],