{
    "fr3_link0": {
        "capsules": [
            {
                "p0": [
                    -0.15270935515534773,
                    -0.00012501694754671593,
                    -0.005148516082786432
                ],
                "p1": [
                    -0.11923602865909352,
                    -5.714444824749432e-05,
                    0.007924800677077175
                ],
                "radius": 0.07219405488597777
            },
            {
                "p0": [
                    -0.11923602865909352,
                    -5.714444824749432e-05,
                    0.007924800677077175
                ],
                "p1": [
                    0.07044615481968025,
                    0.00032746638111476155,
                    0.08200692898297095
                ],
                "radius": 0.10768265719250907
            }
        ]
    },
    "fr3_link1": {
        "capsules": [
            {
                "p0": [
                    0.0004753470575337593,
                    -0.08821689814718975,
                    0.05472712696347501
                ],
                "p1": [
                    -0.0005861004223015958,
                    -0.006581110443795094,
                    -0.1417326843351143
                ],
                "radius": 0.08518952008963837
            },
            {
                "p0": [
                    -0.0005861004223015958,
                    -0.006581110443795094,
                    -0.1417326843351143
                ],
                "p1": [
                    0.00017075960151060178,
                    0.013935375241811997,
                    -0.2101778260020523
                ],
                "radius": 0.06408849097551449
            }
        ]
    },
    "fr3_link2": {
        "capsules": [
            {
                "p0": [
                    0.0007122992362812721,
                    0.055124287673523134,
                    0.08683094699065708
                ],
                "p1": [
                    -0.0006933602411818251,
                    -0.21188831408231015,
                    -0.013416591274868776
                ],
                "radius": 0.08588853567662104
            }
        ]
    },
    "fr3_link3": {
        "capsules": [
            {
                "p0": [
                    -0.03954055637791431,
                    -0.023375204962349294,
                    -0.13356992869637055
                ],
                "p1": [
                    0.12286244139538403,
                    0.07563263568346706,
                    0.03510618887325366
                ],
                "radius": 0.07944192107247663
            }
        ]
    },
    "fr3_link4": {
        "capsules": [
            {
                "p0": [
                    -0.12077741302359107,
                    0.13698225068751346,
                    -0.0233251660327088
                ],
                "p1": [
                    0.03984850563105164,
                    -0.036026468495280864,
                    0.0755747233179607
                ],
                "radius": 0.0794496629161108
            }
        ]
    },
    "fr3_link5": {
        "capsules": [
            {
                "p0": [
                    -0.0004038333458575979,
                    -0.008883535206319362,
                    -0.2738599102319994
                ],
                "p1": [
                    0.0004796433638646181,
                    0.08280840450070992,
                    0.05701362905311318
                ],
                "radius": 0.07257959430682155
            }
        ]
    },
    "fr3_link6": {
        "capsules": [
            {
                "p0": [
                    -0.04836617940790664,
                    -0.008739815006770122,
                    0.01255746564314203
                ],
                "p1": [
                    0.13451205825439008,
                    0.014443164816123686,
                    -0.008000704914584862
                ],
                "radius": 0.07647772911325652
            }
        ]
    },
    "fr3_link7": {
        "capsules": [
            {
                "p0": [
                    -0.037404169983952074,
                    -0.03804947055920945,
                    0.07283911141745839
                ],
                "p1": [
                    0.037267525738634545,
                    0.0373333686613083,
                    0.08167255445712344
                ],
                "radius": 0.05086507050935415
            },
            {
                "p0": [
                    0.037267525738634545,
                    0.0373333686613083,
                    0.08167255445712344
                ],
                "p1": [
                    0.06217508714962091,
                    0.06235389746079499,
                    0.08607903597431166
                ],
                "radius": 0.038466254468678865
            }
        ]
    },
    "hand_hand": {
        "capsules": [
            {
                "p0": [
                    -6.373432477401145e-05,
                    0.10144004354764818,
                    0.029250851434819185
                ],
                "p1": [
                    -0.00026723351543911356,
                    -0.10480187083936285,
                    0.020615718519542955
                ],
                "radius": 0.04900113926878621
            }
        ]
    },
    "hand_leftfinger": {
        "capsules": [
            {
                "p0": [
                    1.7234681129523541e-06,
                    0.002577239615896464,
                    0.12483742285350391
                ],
                "p1": [
                    1.2400609331770848e-07,
                    0.008379148352176019,
                    0.0931418671777763
                ],
                "radius": 0.011853127804029414
            },
            {
                "p0": [
                    1.2400609331770848e-07,
                    0.008379148352176019,
                    0.0931418671777763
                ],
                "p1": [
                    2.7048423907155257e-09,
                    0.012749553213591464,
                    0.07207915101125946
                ],
                "radius": 0.014643249786203565
            },
            {
                "p0": [
                    2.7048423907155257e-09,
                    0.012749553213591464,
                    0.07207915101125946
                ],
                "p1": [
                    -1.160952306914187e-06,
                    0.018224966334925,
                    -0.0029627032933663483
                ],
                "radius": 0.027062339814815362
            }
        ]
    },
    "hand_rightfinger": {
        "capsules": [
            {
                "p0": [
                    1.7234681129523541e-06,
                    0.002577239615896464,
                    0.12483742285350391
                ],
                "p1": [
                    1.2400609331770848e-07,
                    0.008379148352176019,
                    0.0931418671777763
                ],
                "radius": 0.011853127804029414
            },
            {
                "p0": [
                    1.2400609331770848e-07,
                    0.008379148352176019,
                    0.0931418671777763
                ],
                "p1": [
                    2.7048423907155257e-09,
                    0.012749553213591464,
                    0.07207915101125946
                ],
                "radius": 0.014643249786203565
            },
            {
                "p0": [
                    2.7048423907155257e-09,
                    0.012749553213591464,
                    0.07207915101125946
                ],
                "p1": [
                    -1.160952306914187e-06,
                    0.018224966334925,
                    -0.0029627032933663483
                ],