{
    "elbow_tube": {
        "capsules": [
            {
                "p0": [
                    -0.08996950171625762,
                    0.10377923335905057,
                    -1.1320870858694952e-06
                ],
                "p1": [
                    -0.016287440728322264,
                    0.029982022098961225,
                    6.660616506223383e-07
                ],
                "radius": 0.050783239537602005
            }
        ]
    }
}