{
    "elbow_tube": {
        "capsules": [
            {
                "p0": [
                    -0.09210269314135056,
                    0.10164870688148221,
                    -1.006342822933559e-06
                ],
                "p1": [
                    -0.018417539646566672,
                    0.027854578754568746,
                    1.0135256973552783e-06
                ],
                "radius": 0.05343200362840204
            }
        ]
    }
}