{
    "flat_plate": {
        "capsules": [
            {
                "p0": [
                    -0.08250628885643299,
                    8.371073487438684e-06,
                    2.392466805535358e-07
                ],
                "p1": [
                    0.08250628727976406,
                    -8.371073967335644e-06,
                    -2.392466942693882e-07
                ],
                "radius": 0.07718347043527071
            }
        ]
    }
}