{
    "flat_plate": {
        "capsules": [
            {
                "p0": [
                    -0.08250419275980098,
                    5.580573801901683e-06,
                    1.594937327560315e-07
                ],
                "p1": [
                    0.08250419170868845,
                    -5.58057415737867e-06,
                    -1.5949374291593982e-07
                ],
                "radius": 0.07718122841724928
            }
        ]
    }
}