{
    "straight_tube": {
        "capsules": [
            {
                "p0": [
                    5.802110619082085e-07,
                    -3.7776451159154604e-06,
                    -0.2500024452202577
                ],
                "p1": [
                    -5.80211061912979e-07,
                    3.7776451159251293e-06,
                    0.25000244509073405
                ],
                "radius": 0.04000381690245794
            }
        ]
    }
}