{
    "straight_tube": {
        "capsules": [
            {
                "p0": [
                    3.8680737460474924e-07,
                    -2.51843007727316e-06,
                    -0.2500024452981623
                ],
                "p1": [
                    -3.8680737460941105e-07,
                    2.518430077286351e-06,
                    0.2500024451686386
                ],
                "radius": 0.04000254323093492
            }
        ]
    }
}