{
    "t_branch": {
        "capsules": [
            {
                "p0": [
                    0.00024937168202403785,
                    2.808567966779116e-05,
                    0.0010024078979770576
                ],
                "p1": [
                    0.00023672294366595603,
                    2.6672181105317044e-05,
                    0.007583150761624568
                ],
                "radius": 0.15248278491731843
            },
            {
                "p0": [
                    0.00015670330853692318,
                    1.7729973904681743e-05,
                    0.049214863579100966
                ],
                "p1": [
                    -0.0001812623439474115,
                    -2.0037742560652654e-05,
                    0.22504781962433437
                ],
                "radius": 0.02518155299903974
            }
        ]
    }
}