{
    "t_branch": {
        "capsules": [
            {
                "p0": [
                    0.00021296716824889672,
                    2.179778643948947e-05,
                    0.005255428124977583
                ],
                "p1": [
                    0.00020604616268432037,
                    2.1096465851207242e-05,
                    0.007628074725277799
                ],
                "radius": 0.153229654152382
            },
            {
                "p0": [
                    -0.00015533173826264574,
                    -1.684173611076929e-05,
                    0.1742605572193512
                ],
                "p1": [
                    -0.00022600848645022045,
                    -2.4604082178213717e-05,
                    0.21795125178462374
                ],
                "radius": 0.026192742257847026
            },
            {
                "p0": [
                    8.374089499608704e-05,
                    8.703006333684385e-06,
                    0.049556545215831166
                ],
                "p1": [
                    -0.0002512243408636889,
                    -2.5239751561158295e-05,
                    0.16438872107033897
                ],
                "radius": 0.02563194505319407
            }
        ]
    }
}