{
    "tapered_tube": {
        "capsules": [
            {
                "p0": [
                    -6.877519391325366e-07,
                    -1.814260328398803e-05,
                    0.004657300286344864
                ],
                "p1": [
                    1.3595131513622053e-07,
                    3.625126016369052e-06,
                    0.20731245933533757
                ],
                "radius": 0.060198570481186035
            },
            {
                "p0": [
                    3.924059250145067e-08,
                    -4.7220406153751495e-06,
                    0.30205359502886925
                ],
                "p1": [
                    -5.051000927927272e-08,
                    8.945687275297036e-05,
                    0.47642153744495985
                ],
                "radius": 0.025918532561138373
            },
            {
                "p0": [
                    4.2427456355638575e-08,
                    1.1343242957841253e-06,
                    0.26255595467437187
                ],
                "p1": [
                    3.836596422150122e-08,
                    1.020900525131381e-06,
                    0.2862854987590013
                ],
                "radius": 0.04212115869120566
            }
        ]
    }
}